{"incpopsize": 2, "popsize": 69, "sigma0": 7.28243138113286, "tolfun": 9.61249247616485e-09}
